dataset,experiment_block,model,apply_sortstats_at,branches,steepness,lr,batch_size,seed,best_val_f1,final_val_acc,final_val_recall,total_time_min,best_epoch,epochs_trained,n_params
miniboone,bloque1,sortstats_mlp,"[0, 1]",both,5.0,0.001,1024.0,52,0.917564,0.932265,0.925057,9.89,64.0,94.0,4721.0
miniboone,bloque1,random_forest,N/A,N/A,,,,52,0.9203761695789037,0.9361088686426018,0.9177453444202953,0.2586,,,
miniboone,bloque1,xgboost,N/A,N/A,,,,52,0.9344683326621295,0.9468342751701072,0.936520743399395,0.0306,,,
diabetes,bloque1,sortstats_mlp,"[0, 1]",both,5.0,0.001,2048.0,52,0.749606,0.750902,0.750897,1.34,18.0,48.0,2865.0
diabetes,bloque1,random_forest,N/A,N/A,,,,52,0.7380901345631299,0.7385953744960747,0.738592271813322,0.0161,,,
diabetes,bloque1,xgboost,N/A,N/A,,,,52,0.7499101531111878,0.750406676568357,0.7504035289247253,0.0057,,,
electricity,bloque2,sortstats_mlp,[0],stats_only,5.0,0.001,1024.0,42,0.798099,0.805473,0.794728,0.98,149.0,179.0,1201.0
forest_cover_small,bloque1,sortstats_mlp,"[1, 2]",both,5.0,0.001,512.0,52,0.695593,0.70205,0.70205,1.3,49.0,79.0,3335.0
forest_cover_small,bloque1,random_forest,N/A,N/A,,,,52,0.8519052568895509,0.8541666666666666,0.8541666666666667,0.0075,,,
forest_cover_small,bloque1,xgboost,N/A,N/A,,,,52,0.854323443512104,0.8564814814814815,0.8564814814814815,0.029,,,
miniboone,bloque2,sortstats_mlp,[0],stats_only,5.0,0.001,1024.0,42,0.912426,0.926806,0.927571,2.22,106.0,136.0,2545.0
forest_cover_small,bloque2,sortstats_mlp,[0],stats_only,5.0,0.001,512.0,62,0.774978,0.77877,0.77877,0.42,140.0,170.0,2727.0
santander,bloque3,sortstats_mlp,"[0, 1, 2]",both,5.0,0.001,1024.0,42,0.716966,0.88445,0.746184,128.29,27.0,57.0,14481.0
diabetes,bloque1,sortstats_mlp,[],both,5.0,0.001,2048.0,62,0.754474,0.755004,0.755007,0.67,50.0,80.0,1489.0
diabetes,bloque1,random_forest,N/A,N/A,,,,62,0.7386195155621011,0.738949006294646,0.7389515211044577,0.0162,,,
diabetes,bloque1,xgboost,N/A,N/A,,,,62,0.7521170769278986,0.752528467359785,0.7525313524016548,0.0064,,,
electricity,bloque1,sortstats_mlp,"[0, 1, 2]",both,5.0,0.001,1024.0,52,0.77271,0.786384,0.766833,2.97,73.0,103.0,2193.0
electricity,bloque1,random_forest,N/A,N/A,,,,52,0.9014951599336085,0.9042259737393799,0.8995780452995219,0.0142,,,
electricity,bloque1,xgboost,N/A,N/A,,,,52,0.9019008715300738,0.9043363124793115,0.9010703970435514,0.0054,,,
forest_cover_small,bloque1,sortstats_mlp,[0],both,5.0,0.001,512.0,52,0.750843,0.75463,0.75463,1.77,149.0,179.0,4455.0
forest_cover_small,bloque1,random_forest,N/A,N/A,,,,52,0.8519052568895509,0.8541666666666666,0.8541666666666667,0.0075,,,
forest_cover_small,bloque1,xgboost,N/A,N/A,,,,52,0.854323443512104,0.8564814814814815,0.8564814814814815,0.029,,,
santander,bloque3,sortstats_mlp,"[0, 1, 2]",both,3.0,0.001,2048.0,62,0.715671,0.88355,0.745573,95.6,12.0,42.0,14481.0
miniboone,bloque1,sortstats_mlp,[0],both,5.0,0.001,1024.0,52,0.91834,0.932995,0.925231,9.08,86.0,116.0,4145.0
miniboone,bloque1,random_forest,N/A,N/A,,,,52,0.9203761695789037,0.9361088686426018,0.9177453444202953,0.2586,,,
miniboone,bloque1,xgboost,N/A,N/A,,,,52,0.9344683326621295,0.9468342751701072,0.936520743399395,0.0306,,,
electricity,bloque1,sortstats_mlp,"[0, 1]",both,5.0,0.001,1024.0,42,0.771474,0.786826,0.765139,1.01,19.0,49.0,2033.0
electricity,bloque1,random_forest,N/A,N/A,,,,42,0.907946812372887,0.910404943175549,0.9063777076360968,0.0143,,,
electricity,bloque1,xgboost,N/A,N/A,,,,42,0.9017436639398309,0.9040052962595168,0.901634274033603,0.0057,,,
santander,bloque2,sortstats_mlp,"[0, 1, 2]",sort_only,5.0,0.001,2048.0,52,0.722573,0.886025,0.75424,105.2,15.0,45.0,14257.0
miniboone,bloque2,sortstats_mlp,[0],sort_only,5.0,0.001,1024.0,52,0.91597,0.929997,0.929705,10.67,108.0,138.0,4017.0
miniboone,bloque1,sortstats_mlp,[1],both,5.0,0.001,1024.0,52,0.914969,0.93065,0.919173,4.59,67.0,97.0,2993.0
miniboone,bloque1,random_forest,N/A,N/A,,,,52,0.9203761695789037,0.9361088686426018,0.9177453444202953,0.2586,,,
miniboone,bloque1,xgboost,N/A,N/A,,,,52,0.9344683326621295,0.9468342751701072,0.936520743399395,0.0306,,,
santander,bloque3,sortstats_mlp,"[0, 1, 2]",both,3.0,0.001,2048.0,42,0.707376,0.8637,0.773539,87.34,7.0,37.0,14481.0
miniboone,bloque2,sortstats_mlp,[0],sort_only,5.0,0.001,1024.0,62,0.918998,0.933456,0.926429,7.6,66.0,96.0,4017.0
santander,bloque3,sortstats_mlp,"[0, 1, 2]",both,20.0,0.001,2048.0,62,0.717533,0.879625,0.758748,153.19,38.0,68.0,14481.0
adult,bloque3,sortstats_mlp,"[0, 1, 2]",both,5.0,0.001,1024.0,62,0.789266,0.833862,0.81575,11.34,62.0,92.0,7889.0
adult,bloque3,sortstats_mlp,"[0, 1, 2]",both,5.0,0.001,256.0,62,0.787761,0.832736,0.813984,6.67,12.0,42.0,7889.0
diabetes,bloque1,sortstats_mlp,[1],both,5.0,0.001,2048.0,42,0.748451,0.749699,0.749704,1.63,53.0,83.0,2065.0
diabetes,bloque1,random_forest,N/A,N/A,,,,42,0.735704006307031,0.7360492255463611,0.7360517853616293,0.0163,,,
diabetes,bloque1,xgboost,N/A,N/A,,,,42,0.7516109624977936,0.7521041092014994,0.7521072643610177,0.0057,,,
california,bloque1,sortstats_mlp,[0],both,5.0,0.001,512.0,42,0.848978,0.849079,0.849092,0.22,9.0,39.0,1457.0
california,bloque1,random_forest,N/A,N/A,,,,42,0.8936492000855176,0.8936531007751938,0.8936562447551052,0.0091,,,
california,bloque1,xgboost,N/A,N/A,,,,42,0.9120633290695102,0.9120639534883721,0.9120654586341383,0.0039,,,
adult,bloque2,sortstats_mlp,"[0, 1, 2]",stats_only,5.0,0.001,1024.0,62,0.784893,0.826492,0.82014,0.57,53.0,83.0,4145.0
miniboone,bloque2,sortstats_mlp,[0],stats_only,5.0,0.001,1024.0,62,0.913084,0.928805,0.919144,2.05,79.0,109.0,2545.0
santander,bloque1,sortstats_mlp,[1],both,5.0,0.001,2048.0,42,0.701622,0.88005,0.725066,2.58,13.0,43.0,7793.0
santander,bloque1,random_forest,N/A,N/A,,,,42,0.473545669913135,0.8995,0.5,2.2633,,,
santander,bloque1,xgboost,N/A,N/A,,,,42,0.6506191765264725,0.9161,0.6073349207271038,0.155,,,
santander,bloque1,sortstats_mlp,"[0, 1, 2]",both,5.0,0.001,2048.0,42,0.709376,0.872275,0.757977,162.79,39.0,69.0,14481.0
santander,bloque1,random_forest,N/A,N/A,,,,42,0.473545669913135,0.8995,0.5,1.9603,,,
santander,bloque1,xgboost,N/A,N/A,,,,42,0.6506191765264725,0.9161,0.6073349207271038,0.1264,,,
adult,bloque3,sortstats_mlp,"[0, 1, 2]",both,5.0,0.001,512.0,62,0.78446,0.828744,0.813559,13.55,70.0,100.0,7889.0
miniboone,bloque1,sortstats_mlp,[],both,5.0,0.001,1024.0,62,0.917289,0.932149,0.924058,2.12,101.0,131.0,2417.0
miniboone,bloque1,random_forest,N/A,N/A,,,,62,0.9235147403627129,0.9385307346326837,0.921517354062702,0.2564,,,
miniboone,bloque1,xgboost,N/A,N/A,,,,62,0.9357792096741937,0.9479106600545881,0.9377283977368308,0.0286,,,
adult,bloque3,sortstats_mlp,"[0, 1, 2]",both,5.0,0.001,1024.0,42,0.797254,0.844303,0.814552,11.94,67.0,97.0,7889.0
california,bloque1,sortstats_mlp,[],both,5.0,0.001,512.0,42,0.859775,0.859981,0.859999,0.28,60.0,90.0,1073.0
california,bloque1,random_forest,N/A,N/A,,,,42,0.8936492000855176,0.8936531007751938,0.8936562447551052,0.0091,,,
california,bloque1,xgboost,N/A,N/A,,,,42,0.9120633290695102,0.9120639534883721,0.9120654586341383,0.0039,,,
adult,bloque1,sortstats_mlp,[1],both,5.0,0.001,1024.0,62,0.774354,0.809602,0.828825,0.95,18.0,48.0,4497.0
adult,bloque1,random_forest,N/A,N/A,,,,62,0.7864268663327727,0.8518783908281298,0.773507400102615,0.0156,,,
adult,bloque1,xgboost,N/A,N/A,,,,62,0.8146535483874117,0.8726584092537619,0.7978661743356819,0.0089,,,
adult,bloque1,sortstats_mlp,"[0, 1, 2]",both,5.0,0.001,1024.0,52,0.797289,0.84676,0.809131,5.66,16.0,46.0,7889.0
adult,bloque1,random_forest,N/A,N/A,,,,52,0.7932221179293966,0.8575084450813799,0.7783806917568059,0.0166,,,
adult,bloque1,xgboost,N/A,N/A,,,,52,0.8189477491389114,0.8754222540689938,0.8023211895604374,0.0087,,,
adult,bloque1,sortstats_mlp,"[0, 1, 2]",both,5.0,0.001,1024.0,62,0.789741,0.836421,0.811276,11.29,62.0,92.0,7889.0
adult,bloque1,random_forest,N/A,N/A,,,,62,0.7864268663327727,0.8518783908281298,0.773507400102615,0.0156,,,
adult,bloque1,xgboost,N/A,N/A,,,,62,0.8146535483874117,0.8726584092537619,0.7978661743356819,0.0089,,,
forest_cover_small,bloque1,sortstats_mlp,[2],both,5.0,0.001,512.0,62,0.756049,0.756614,0.756614,0.68,61.0,91.0,2759.0
forest_cover_small,bloque1,random_forest,N/A,N/A,,,,62,0.8702365288481946,0.8720238095238095,0.8720238095238095,0.0075,,,
forest_cover_small,bloque1,xgboost,N/A,N/A,,,,62,0.8678880247026627,0.8700396825396826,0.8700396825396826,0.0289,,,
california,bloque1,sortstats_mlp,"[0, 1, 2]",both,5.0,0.001,512.0,62,0.844981,0.845446,0.845472,1.27,19.0,49.0,2193.0
california,bloque1,random_forest,N/A,N/A,,,,62,0.907943986112725,0.9079457364341085,0.9079480621911014,0.0088,,,
california,bloque1,xgboost,N/A,N/A,,,,62,0.9166666666666666,0.9166666666666666,0.9166668818418369,0.0038,,,
santander,bloque3,sortstats_mlp,"[0, 1, 2]",both,5.0,0.0001,2048.0,52,0.668675,0.81015,0.796583,190.18,53.0,83.0,14481.0
forest_cover_small,bloque1,sortstats_mlp,"[0, 1, 2]",both,5.0,0.001,512.0,42,0.667657,0.677579,0.677579,1.81,53.0,83.0,5191.0
forest_cover_small,bloque1,random_forest,N/A,N/A,,,,42,0.8558249660080095,0.8581349206349206,0.8581349206349207,0.0071,,,
forest_cover_small,bloque1,xgboost,N/A,N/A,,,,42,0.84517862473325,0.8478835978835979,0.8478835978835979,0.0292,,,
santander,bloque3,sortstats_mlp,"[0, 1, 2]",both,5.0,0.001,512.0,42,0.720095,0.882375,0.757736,90.14,8.0,38.0,14481.0
santander,bloque2,sortstats_mlp,"[0, 1, 2]",stats_only,5.0,0.001,2048.0,42,0.702396,0.864825,0.759249,1.49,30.0,60.0,7441.0
adult,bloque1,sortstats_mlp,"[0, 1]",both,5.0,0.001,1024.0,62,0.782089,0.823216,0.819452,5.01,12.0,42.0,7729.0
adult,bloque1,random_forest,N/A,N/A,,,,62,0.7864268663327727,0.8518783908281298,0.773507400102615,0.0156,,,
adult,bloque1,xgboost,N/A,N/A,,,,62,0.8146535483874117,0.8726584092537619,0.7978661743356819,0.0089,,,
adult,bloque1,sortstats_mlp,[1],both,5.0,0.001,1024.0,42,0.754253,0.785546,0.823273,0.82,14.0,44.0,4497.0
adult,bloque1,random_forest,N/A,N/A,,,,42,0.792078929256685,0.8567918927218753,0.7771768303752378,0.018,,,
adult,bloque1,xgboost,N/A,N/A,,,,42,0.8183239406717029,0.8760364418057119,0.7995003130597909,0.0075,,,
california,bloque1,sortstats_mlp,"[0, 1]",both,5.0,0.001,512.0,52,0.861909,0.861919,0.861923,0.79,16.0,46.0,2033.0
california,bloque1,random_forest,N/A,N/A,,,,52,0.8948544684878921,0.8948643410852714,0.8948692458736249,0.0086,,,
california,bloque1,xgboost,N/A,N/A,,,,52,0.9074549621614312,0.9074612403100775,0.9074654438457359,0.0039,,,
miniboone,bloque1,sortstats_mlp,"[0, 1]",both,5.0,0.001,1024.0,42,0.917971,0.932572,0.925647,12.53,97.0,127.0,4721.0
miniboone,bloque1,random_forest,N/A,N/A,,,,42,0.9234255651753991,0.9384538499980779,0.9214639152768311,0.2606,,,
miniboone,bloque1,xgboost,N/A,N/A,,,,42,0.9319023040200662,0.9449121593049629,0.9326783482876528,0.0304,,,
santander,bloque1,sortstats_mlp,[],both,5.0,0.001,2048.0,62,0.642503,0.78215,0.782013,0.83,3.0,33.0,7217.0
santander,bloque1,random_forest,N/A,N/A,,,,62,0.473545669913135,0.8995,0.5,1.9805,,,
santander,bloque1,xgboost,N/A,N/A,,,,62,0.663470336610557,0.918175,0.6168849333101032,0.1265,,,
miniboone,bloque1,sortstats_mlp,"[1, 2]",both,5.0,0.001,1024.0,42,0.898431,0.919694,0.890337,6.36,55.0,85.0,3153.0
miniboone,bloque1,random_forest,N/A,N/A,,,,42,0.9234255651753991,0.9384538499980779,0.9214639152768311,0.2606,,,
miniboone,bloque1,xgboost,N/A,N/A,,,,42,0.9319023040200662,0.9449121593049629,0.9326783482876528,0.0304,,,
santander,bloque3,sortstats_mlp,"[0, 1, 2]",both,5.0,0.001,256.0,42,0.721416,0.887975,0.747149,99.97,9.0,39.0,14481.0
electricity,bloque1,sortstats_mlp,[],both,5.0,0.001,1024.0,42,0.793561,0.80139,0.789989,0.64,84.0,114.0,1073.0
electricity,bloque1,random_forest,N/A,N/A,,,,42,0.907946812372887,0.910404943175549,0.9063777076360968,0.0143,,,
electricity,bloque1,xgboost,N/A,N/A,,,,42,0.9017436639398309,0.9040052962595168,0.901634274033603,0.0057,,,
santander,bloque1,sortstats_mlp,"[0, 1]",both,5.0,0.001,2048.0,62,0.722805,0.885525,0.755951,90.1,9.0,39.0,14321.0
santander,bloque1,random_forest,N/A,N/A,,,,62,0.473545669913135,0.8995,0.5,1.9556,,,
santander,bloque1,xgboost,N/A,N/A,,,,62,0.663470336610557,0.918175,0.6168849333101032,0.1282,,,
forest_cover_small,bloque1,sortstats_mlp,[0],both,5.0,0.001,512.0,62,0.771635,0.779431,0.779431,1.86,159.0,189.0,4455.0
forest_cover_small,bloque1,random_forest,N/A,N/A,,,,62,0.8702365288481946,0.8720238095238095,0.8720238095238095,0.0075,,,
forest_cover_small,bloque1,xgboost,N/A,N/A,,,,62,0.8678880247026627,0.8700396825396826,0.8700396825396826,0.0289,,,
adult,bloque1,sortstats_mlp,[1],both,5.0,0.001,1024.0,52,0.780501,0.81646,0.831428,1.24,34.0,64.0,4497.0
adult,bloque1,random_forest,N/A,N/A,,,,52,0.7932221179293966,0.8575084450813799,0.7783806917568059,0.0166,,,
adult,bloque1,xgboost,N/A,N/A,,,,52,0.8189477491389114,0.8754222540689938,0.8023211895604374,0.0087,,,
miniboone,bloque2,sortstats_mlp,[0],stats_only,5.0,0.001,1024.0,52,0.919459,0.933879,0.926597,1.87,73.0,103.0,2545.0
california,bloque1,sortstats_mlp,[],both,5.0,0.001,512.0,62,0.859736,0.859738,0.859741,0.17,22.0,52.0,1073.0
california,bloque1,random_forest,N/A,N/A,,,,62,0.907943986112725,0.9079457364341085,0.9079480621911014,0.0088,,,
california,bloque1,xgboost,N/A,N/A,,,,62,0.9166666666666666,0.9166666666666666,0.9166668818418369,0.0038,,,
diabetes,bloque2,sortstats_mlp,[0],sort_only,5.0,0.001,2048.0,42,0.75203,0.752528,0.752532,1.1,33.0,63.0,2161.0
santander,bloque1,sortstats_mlp,[],both,5.0,0.001,2048.0,42,0.629883,0.768225,0.773609,1.73,36.0,66.0,7217.0
santander,bloque1,random_forest,N/A,N/A,,,,42,0.473545669913135,0.8995,0.5,2.1771,,,
santander,bloque1,xgboost,N/A,N/A,,,,42,0.6506191765264725,0.9161,0.6073349207271038,0.1611,,,
diabetes,bloque1,sortstats_mlp,[],both,5.0,0.001,2048.0,42,0.752379,0.753094,0.753098,0.57,40.0,70.0,1489.0
diabetes,bloque1,random_forest,N/A,N/A,,,,42,0.735704006307031,0.7360492255463611,0.7360517853616293,0.0163,,,
diabetes,bloque1,xgboost,N/A,N/A,,,,42,0.7516109624977936,0.7521041092014994,0.7521072643610177,0.0057,,,
adult,bloque3,sortstats_mlp,"[0, 1, 2]",both,20.0,0.001,1024.0,42,0.800548,0.853721,0.802714,6.3,21.0,51.0,7889.0
santander,bloque3,sortstats_mlp,"[0, 1, 2]",both,5.0,0.01,2048.0,52,0.722381,0.880725,0.766872,78.73,5.0,35.0,14481.0
forest_cover_small,bloque2,sortstats_mlp,[0],stats_only,5.0,0.001,512.0,52,0.758165,0.763889,0.763889,0.44,140.0,170.0,2727.0
adult,bloque1,sortstats_mlp,"[0, 1]",both,5.0,0.001,1024.0,52,0.768515,0.815539,0.797257,3.57,1.0,31.0,7729.0
adult,bloque1,random_forest,N/A,N/A,,,,52,0.7932221179293966,0.8575084450813799,0.7783806917568059,0.0166,,,
adult,bloque1,xgboost,N/A,N/A,,,,52,0.8189477491389114,0.8754222540689938,0.8023211895604374,0.0087,,,
forest_cover_small,bloque1,sortstats_mlp,[],both,5.0,0.001,512.0,52,0.742214,0.750992,0.750992,0.35,127.0,157.0,2599.0
forest_cover_small,bloque1,random_forest,N/A,N/A,,,,52,0.8519052568895509,0.8541666666666666,0.8541666666666667,0.0075,,,
forest_cover_small,bloque1,xgboost,N/A,N/A,,,,52,0.854323443512104,0.8564814814814815,0.8564814814814815,0.029,,,
forest_cover_small,bloque2,sortstats_mlp,[0],sort_only,5.0,0.001,512.0,62,0.786398,0.791667,0.791667,1.41,111.0,141.0,4327.0
diabetes,bloque1,sortstats_mlp,"[1, 2]",both,5.0,0.001,2048.0,62,0.751334,0.751821,0.751824,1.48,27.0,57.0,2225.0
diabetes,bloque1,random_forest,N/A,N/A,,,,62,0.7386195155621011,0.738949006294646,0.7389515211044577,0.0162,,,
diabetes,bloque1,xgboost,N/A,N/A,,,,62,0.7521170769278986,0.752528467359785,0.7525313524016548,0.0064,,,
california,bloque2,sortstats_mlp,[1],sort_only,5.0,0.001,512.0,62,0.859979,0.859981,0.859983,1.22,55.0,85.0,1585.0
adult,bloque1,sortstats_mlp,[],both,5.0,0.001,1024.0,42,0.769319,0.804279,0.825766,0.69,79.0,109.0,3921.0
adult,bloque1,random_forest,N/A,N/A,,,,42,0.792078929256685,0.8567918927218753,0.7771768303752378,0.018,,,
adult,bloque1,xgboost,N/A,N/A,,,,42,0.8183239406717029,0.8760364418057119,0.7995003130597909,0.0075,,,
adult,bloque1,sortstats_mlp,[0],both,5.0,0.001,1024.0,52,0.764104,0.796909,0.82737,6.0,25.0,55.0,7153.0
adult,bloque1,random_forest,N/A,N/A,,,,52,0.7932221179293966,0.8575084450813799,0.7783806917568059,0.0166,,,
adult,bloque1,xgboost,N/A,N/A,,,,52,0.8189477491389114,0.8754222540689938,0.8023211895604374,0.0087,,,
santander,bloque3,sortstats_mlp,"[0, 1, 2]",both,5.0,0.01,2048.0,62,0.726483,0.89015,0.752446,94.79,12.0,42.0,14481.0
adult,bloque3,sortstats_mlp,"[0, 1, 2]",both,10.0,0.001,1024.0,52,0.799346,0.848193,0.811539,6.89,26.0,56.0,7889.0
santander,bloque1,sortstats_mlp,[1],both,5.0,0.001,2048.0,52,0.691277,0.861925,0.740844,5.37,59.0,89.0,7793.0
santander,bloque1,random_forest,N/A,N/A,,,,52,0.473545669913135,0.8995,0.5,2.2673,,,
santander,bloque1,xgboost,N/A,N/A,,,,52,0.6521652350275637,0.91635,0.6084682203214058,0.1718,,,
forest_cover_small,bloque2,sortstats_mlp,[0],sort_only,5.0,0.001,512.0,52,0.76708,0.773148,0.773148,1.03,77.0,107.0,4327.0
forest_cover_small,bloque1,sortstats_mlp,"[0, 1]",both,5.0,0.001,512.0,42,0.716814,0.719907,0.719907,0.96,29.0,59.0,5031.0
forest_cover_small,bloque1,random_forest,N/A,N/A,,,,42,0.8558249660080095,0.8581349206349206,0.8581349206349207,0.0071,,,
forest_cover_small,bloque1,xgboost,N/A,N/A,,,,42,0.84517862473325,0.8478835978835979,0.8478835978835979,0.0292,,,
electricity,bloque2,sortstats_mlp,[0],sort_only,5.0,0.001,1024.0,62,0.796225,0.803045,0.793504,1.2,121.0,151.0,1329.0
adult,bloque1,sortstats_mlp,[0],both,5.0,0.001,1024.0,62,0.770961,0.806019,0.826763,5.01,15.0,45.0,7153.0
adult,bloque1,random_forest,N/A,N/A,,,,62,0.7864268663327727,0.8518783908281298,0.773507400102615,0.0156,,,
adult,bloque1,xgboost,N/A,N/A,,,,62,0.8146535483874117,0.8726584092537619,0.7978661743356819,0.0089,,,
forest_cover_small,bloque2,sortstats_mlp,[0],stats_only,5.0,0.001,512.0,42,0.766565,0.775794,0.775794,0.46,152.0,182.0,2727.0
santander,bloque1,sortstats_mlp,[],both,5.0,0.001,2048.0,52,0.63416,0.773375,0.775699,0.96,5.0,35.0,7217.0
santander,bloque1,random_forest,N/A,N/A,,,,52,0.473545669913135,0.8995,0.5,2.2673,,,
santander,bloque1,xgboost,N/A,N/A,,,,52,0.6521652350275637,0.91635,0.6084682203214058,0.1718,,,
forest_cover_small,bloque1,sortstats_mlp,[2],both,5.0,0.001,512.0,42,0.73222,0.737765,0.737765,1.04,105.0,135.0,2759.0
forest_cover_small,bloque1,random_forest,N/A,N/A,,,,42,0.8558249660080095,0.8581349206349206,0.8581349206349207,0.0071,,,
forest_cover_small,bloque1,xgboost,N/A,N/A,,,,42,0.84517862473325,0.8478835978835979,0.8478835978835979,0.0292,,,
santander,bloque1,sortstats_mlp,[2],both,5.0,0.001,2048.0,62,0.628812,0.763075,0.781353,2.0,14.0,44.0,7377.0
santander,bloque1,random_forest,N/A,N/A,,,,62,0.473545669913135,0.8995,0.5,2.264,,,
santander,bloque1,xgboost,N/A,N/A,,,,62,0.663470336610557,0.918175,0.6168849333101032,0.1552,,,
electricity,bloque1,sortstats_mlp,"[0, 1, 2]",both,5.0,0.001,1024.0,42,0.78184,0.793777,0.776152,1.63,26.0,56.0,2193.0
electricity,bloque1,random_forest,N/A,N/A,,,,42,0.907946812372887,0.910404943175549,0.9063777076360968,0.0143,,,
electricity,bloque1,xgboost,N/A,N/A,,,,42,0.9017436639398309,0.9040052962595168,0.901634274033603,0.0057,,,
santander,bloque1,sortstats_mlp,"[0, 1]",both,5.0,0.001,2048.0,52,0.693058,0.840775,0.792283,82.33,6.0,36.0,14321.0
santander,bloque1,random_forest,N/A,N/A,,,,52,0.473545669913135,0.8995,0.5,1.9603,,,
santander,bloque1,xgboost,N/A,N/A,,,,52,0.6506191765264725,0.9161,0.6073349207271038,0.1264,,,
california,bloque1,sortstats_mlp,[2],both,5.0,0.001,512.0,52,0.864652,0.864826,0.864843,0.91,53.0,83.0,1233.0
california,bloque1,random_forest,N/A,N/A,,,,52,0.8948544684878921,0.8948643410852714,0.8948692458736249,0.0086,,,
california,bloque1,xgboost,N/A,N/A,,,,52,0.9074549621614312,0.9074612403100775,0.9074654438457359,0.0039,,,
diabetes,bloque1,sortstats_mlp,[2],both,5.0,0.001,2048.0,42,0.749059,0.749699,0.749703,0.74,22.0,52.0,1649.0
diabetes,bloque1,random_forest,N/A,N/A,,,,42,0.735704006307031,0.7360492255463611,0.7360517853616293,0.0163,,,
diabetes,bloque1,xgboost,N/A,N/A,,,,42,0.7516109624977936,0.7521041092014994,0.7521072643610177,0.0057,,,
adult,bloque1,sortstats_mlp,[2],both,5.0,0.001,1024.0,42,0.789214,0.830587,0.823417,1.21,49.0,79.0,4081.0
adult,bloque1,random_forest,N/A,N/A,,,,42,0.792078929256685,0.8567918927218753,0.7771768303752378,0.018,,,
adult,bloque1,xgboost,N/A,N/A,,,,42,0.8183239406717029,0.8760364418057119,0.7995003130597909,0.0075,,,
santander,bloque3,sortstats_mlp,"[0, 1, 2]",both,1.0,0.001,2048.0,52,0.706166,0.869525,0.757111,106.39,16.0,46.0,14481.0
santander,bloque3,sortstats_mlp,"[0, 1, 2]",both,5.0,0.001,256.0,62,0.714106,0.890225,0.727629,126.88,21.0,51.0,14481.0
electricity,bloque1,sortstats_mlp,[],both,5.0,0.001,1024.0,62,0.792983,0.798852,0.791462,0.88,120.0,150.0,1073.0
electricity,bloque1,random_forest,N/A,N/A,,,,62,0.9056321317891352,0.9080878296369855,0.9043302244644527,0.014,,,
electricity,bloque1,xgboost,N/A,N/A,,,,62,0.9045045140308654,0.9067637647578065,0.9041333870192931,0.0049,,,
diabetes,bloque2,sortstats_mlp,[0],stats_only,5.0,0.001,2048.0,52,0.752856,0.753236,0.753233,0.45,24.0,54.0,1617.0
adult,bloque3,sortstats_mlp,"[0, 1, 2]",both,5.0,0.001,1024.0,52,0.801035,0.850036,0.812017,8.31,37.0,67.0,7889.0
california,bloque1,sortstats_mlp,"[0, 1]",both,5.0,0.001,512.0,42,0.859246,0.859254,0.859258,0.85,20.0,50.0,2033.0
california,bloque1,random_forest,N/A,N/A,,,,42,0.8936492000855176,0.8936531007751938,0.8936562447551052,0.0091,,,
california,bloque1,xgboost,N/A,N/A,,,,42,0.9120633290695102,0.9120639534883721,0.9120654586341383,0.0039,,,
california,bloque2,sortstats_mlp,[1],stats_only,5.0,0.001,512.0,52,0.873304,0.873304,0.873305,0.36,70.0,100.0,1137.0
santander,bloque3,sortstats_mlp,"[0, 1, 2]",both,5.0,0.01,2048.0,42,0.715369,0.8788,0.755969,108.45,18.0,48.0,14481.0
diabetes,bloque1,sortstats_mlp,[2],both,5.0,0.001,2048.0,52,0.752129,0.752458,0.752455,0.89,30.0,60.0,1649.0
diabetes,bloque1,random_forest,N/A,N/A,,,,52,0.7380901345631299,0.7385953744960747,0.738592271813322,0.0161,,,
diabetes,bloque1,xgboost,N/A,N/A,,,,52,0.7499101531111878,0.750406676568357,0.7504035289247253,0.0057,,,
adult,bloque3,sortstats_mlp,"[0, 1, 2]",both,5.0,0.0001,1024.0,62,0.780327,0.821067,0.819212,16.85,108.0,138.0,7889.0
santander,bloque2,sortstats_mlp,"[0, 1, 2]",sort_only,5.0,0.001,2048.0,62,0.71859,0.876725,0.768184,92.11,9.0,39.0,14257.0
santander,bloque3,sortstats_mlp,"[0, 1, 2]",both,5.0,0.001,256.0,52,0.7241,0.8806,0.771112,89.44,5.0,35.0,14481.0
santander,bloque2,sortstats_mlp,"[0, 1, 2]",stats_only,5.0,0.001,2048.0,62,0.689129,0.842775,0.777264,2.27,60.0,90.0,7441.0
miniboone,bloque1,sortstats_mlp,"[1, 2]",both,5.0,0.001,1024.0,62,0.907772,0.925037,0.910468,8.73,87.0,117.0,3153.0
miniboone,bloque1,random_forest,N/A,N/A,,,,62,0.9235147403627129,0.9385307346326837,0.921517354062702,0.2564,,,
miniboone,bloque1,xgboost,N/A,N/A,,,,62,0.9357792096741937,0.9479106600545881,0.9377283977368308,0.0286,,,
california,bloque1,sortstats_mlp,[2],both,5.0,0.001,512.0,42,0.852809,0.853198,0.853223,0.81,48.0,78.0,1233.0
california,bloque1,random_forest,N/A,N/A,,,,42,0.8936492000855176,0.8936531007751938,0.8936562447551052,0.0091,,,
california,bloque1,xgboost,N/A,N/A,,,,42,0.9120633290695102,0.9120639534883721,0.9120654586341383,0.0039,,,
electricity,bloque1,sortstats_mlp,"[0, 1, 2]",both,5.0,0.001,1024.0,62,0.791184,0.79808,0.788611,3.2,80.0,110.0,2193.0
electricity,bloque1,random_forest,N/A,N/A,,,,62,0.9056321317891352,0.9080878296369855,0.9043302244644527,0.014,,,
electricity,bloque1,xgboost,N/A,N/A,,,,62,0.9045045140308654,0.9067637647578065,0.9041333870192931,0.0049,,,
california,bloque1,sortstats_mlp,"[1, 2]",both,5.0,0.001,512.0,62,0.853026,0.85344,0.853414,1.34,29.0,59.0,1809.0
california,bloque1,random_forest,N/A,N/A,,,,62,0.907943986112725,0.9079457364341085,0.9079480621911014,0.0088,,,
california,bloque1,xgboost,N/A,N/A,,,,62,0.9166666666666666,0.9166666666666666,0.9166668818418369,0.0038,,,
adult,bloque3,sortstats_mlp,"[0, 1, 2]",both,5.0,0.0001,1024.0,52,0.799639,0.845839,0.81776,13.7,81.0,111.0,7889.0
santander,bloque1,sortstats_mlp,[2],both,5.0,0.001,2048.0,52,0.668144,0.818775,0.775635,1.79,10.0,40.0,7377.0
santander,bloque1,random_forest,N/A,N/A,,,,52,0.473545669913135,0.8995,0.5,2.2673,,,
santander,bloque1,xgboost,N/A,N/A,,,,52,0.6521652350275637,0.91635,0.6084682203214058,0.1718,,,
diabetes,bloque2,sortstats_mlp,[0],sort_only,5.0,0.001,2048.0,62,0.753743,0.754367,0.754371,0.87,20.0,50.0,2161.0
miniboone,bloque1,sortstats_mlp,[0],both,5.0,0.001,1024.0,62,0.916625,0.931111,0.926595,9.35,89.0,119.0,4145.0
miniboone,bloque1,random_forest,N/A,N/A,,,,62,0.9235147403627129,0.9385307346326837,0.921517354062702,0.2564,,,
miniboone,bloque1,xgboost,N/A,N/A,,,,62,0.9357792096741937,0.9479106600545881,0.9377283977368308,0.0286,,,
california,bloque1,sortstats_mlp,[0],both,5.0,0.001,512.0,52,0.87185,0.871851,0.871852,0.74,104.0,134.0,1457.0
california,bloque1,random_forest,N/A,N/A,,,,52,0.8948544684878921,0.8948643410852714,0.8948692458736249,0.0086,,,
california,bloque1,xgboost,N/A,N/A,,,,52,0.9074549621614312,0.9074612403100775,0.9074654438457359,0.0039,,,
california,bloque1,sortstats_mlp,[0],both,5.0,0.001,512.0,62,0.839221,0.840116,0.840153,0.25,12.0,42.0,1457.0
california,bloque1,random_forest,N/A,N/A,,,,62,0.907943986112725,0.9079457364341085,0.9079480621911014,0.0088,,,
california,bloque1,xgboost,N/A,N/A,,,,62,0.9166666666666666,0.9166666666666666,0.9166668818418369,0.0038,,,
diabetes,bloque1,sortstats_mlp,"[1, 2]",both,5.0,0.001,2048.0,52,0.749824,0.75076,0.750756,1.09,12.0,42.0,2225.0
diabetes,bloque1,random_forest,N/A,N/A,,,,52,0.7380901345631299,0.7385953744960747,0.738592271813322,0.0161,,,
diabetes,bloque1,xgboost,N/A,N/A,,,,52,0.7499101531111878,0.750406676568357,0.7504035289247253,0.0057,,,
santander,bloque3,sortstats_mlp,"[0, 1, 2]",both,3.0,0.001,2048.0,52,0.702224,0.861725,0.765923,105.36,15.0,45.0,14481.0
santander,bloque3,sortstats_mlp,"[0, 1, 2]",both,10.0,0.001,2048.0,62,0.72679,0.89165,0.749412,105.35,15.0,45.0,14481.0
electricity,bloque1,sortstats_mlp,[2],both,5.0,0.001,1024.0,52,0.778972,0.786495,0.77633,0.92,32.0,62.0,1233.0
electricity,bloque1,random_forest,N/A,N/A,,,,52,0.9014951599336085,0.9042259737393799,0.8995780452995219,0.0142,,,
electricity,bloque1,xgboost,N/A,N/A,,,,52,0.9019008715300738,0.9043363124793115,0.9010703970435514,0.0054,,,
california,bloque1,sortstats_mlp,"[0, 1, 2]",both,5.0,0.001,512.0,42,0.84792,0.848595,0.848627,1.18,19.0,49.0,2193.0
california,bloque1,random_forest,N/A,N/A,,,,42,0.8936492000855176,0.8936531007751938,0.8936562447551052,0.0091,,,
california,bloque1,xgboost,N/A,N/A,,,,42,0.9120633290695102,0.9120639534883721,0.9120654586341383,0.0039,,,
electricity,bloque1,sortstats_mlp,[1],both,5.0,0.001,1024.0,52,0.781003,0.790467,0.776784,1.88,71.0,101.0,1649.0
electricity,bloque1,random_forest,N/A,N/A,,,,52,0.9014951599336085,0.9042259737393799,0.8995780452995219,0.0142,,,
electricity,bloque1,xgboost,N/A,N/A,,,,52,0.9019008715300738,0.9043363124793115,0.9010703970435514,0.0054,,,
santander,bloque2,sortstats_mlp,"[0, 1, 2]",sort_only,5.0,0.001,2048.0,42,0.72625,0.89065,0.750735,105.76,15.0,45.0,14257.0
forest_cover_small,bloque1,sortstats_mlp,"[1, 2]",both,5.0,0.001,512.0,42,0.720173,0.724206,0.724206,1.2,44.0,74.0,3335.0
forest_cover_small,bloque1,random_forest,N/A,N/A,,,,42,0.8558249660080095,0.8581349206349206,0.8581349206349207,0.0071,,,
forest_cover_small,bloque1,xgboost,N/A,N/A,,,,42,0.84517862473325,0.8478835978835979,0.8478835978835979,0.0292,,,
diabetes,bloque1,sortstats_mlp,[1],both,5.0,0.001,2048.0,52,0.7497,0.750972,0.750967,0.89,15.0,45.0,2065.0
diabetes,bloque1,random_forest,N/A,N/A,,,,52,0.7380901345631299,0.7385953744960747,0.738592271813322,0.0161,,,
diabetes,bloque1,xgboost,N/A,N/A,,,,52,0.7499101531111878,0.750406676568357,0.7504035289247253,0.0057,,,
electricity,bloque2,sortstats_mlp,[0],sort_only,5.0,0.001,1024.0,42,0.794979,0.803707,0.790571,1.02,103.0,133.0,1329.0
santander,bloque2,sortstats_mlp,"[0, 1, 2]",stats_only,5.0,0.001,2048.0,52,0.705094,0.86665,0.761258,1.85,44.0,74.0,7441.0
diabetes,bloque1,sortstats_mlp,[0],both,5.0,0.001,2048.0,62,0.753399,0.753589,0.753591,0.92,23.0,53.0,2289.0
diabetes,bloque1,random_forest,N/A,N/A,,,,62,0.7386195155621011,0.738949006294646,0.7389515211044577,0.0162,,,
diabetes,bloque1,xgboost,N/A,N/A,,,,62,0.7521170769278986,0.752528467359785,0.7525313524016548,0.0064,,,
miniboone,bloque1,sortstats_mlp,"[0, 1, 2]",both,5.0,0.001,1024.0,52,0.904864,0.922462,0.908678,10.43,61.0,91.0,4881.0
miniboone,bloque1,random_forest,N/A,N/A,,,,52,0.9203761695789037,0.9361088686426018,0.9177453444202953,0.2586,,,
miniboone,bloque1,xgboost,N/A,N/A,,,,52,0.9344683326621295,0.9468342751701072,0.936520743399395,0.0306,,,
california,bloque2,sortstats_mlp,[1],stats_only,5.0,0.001,512.0,62,0.865306,0.86531,0.865313,0.32,59.0,89.0,1137.0
electricity,bloque1,sortstats_mlp,[0],both,5.0,0.001,1024.0,52,0.798962,0.806356,0.795529,1.2,109.0,139.0,1457.0
electricity,bloque1,random_forest,N/A,N/A,,,,52,0.9014951599336085,0.9042259737393799,0.8995780452995219,0.0142,,,
electricity,bloque1,xgboost,N/A,N/A,,,,52,0.9019008715300738,0.9043363124793115,0.9010703970435514,0.0054,,,
santander,bloque3,sortstats_mlp,"[0, 1, 2]",both,5.0,0.001,512.0,62,0.728508,0.886925,0.764905,84.33,5.0,35.0,14481.0
electricity,bloque2,sortstats_mlp,[0],sort_only,5.0,0.001,1024.0,52,0.790909,0.799735,0.786643,1.05,106.0,136.0,1329.0
santander,bloque1,sortstats_mlp,"[1, 2]",both,5.0,0.001,2048.0,42,0.706919,0.893075,0.708774,2.93,9.0,39.0,7953.0
santander,bloque1,random_forest,N/A,N/A,,,,42,0.473545669913135,0.8995,0.5,1.9258,,,
santander,bloque1,xgboost,N/A,N/A,,,,42,0.663470336610557,0.918175,0.6168849333101032,0.127,,,
adult,bloque1,sortstats_mlp,"[1, 2]",both,5.0,0.001,1024.0,42,0.763886,0.79783,0.824165,2.13,44.0,74.0,4657.0
adult,bloque1,random_forest,N/A,N/A,,,,42,0.792078929256685,0.8567918927218753,0.7771768303752378,0.018,,,
adult,bloque1,xgboost,N/A,N/A,,,,42,0.8183239406717029,0.8760364418057119,0.7995003130597909,0.0075,,,
santander,bloque3,sortstats_mlp,"[0, 1, 2]",both,5.0,0.001,1024.0,52,0.717182,0.875875,0.767049,87.37,8.0,38.0,14481.0
adult,bloque3,sortstats_mlp,"[0, 1, 2]",both,5.0,0.001,256.0,52,0.796821,0.840106,0.823226,6.84,13.0,43.0,7889.0
adult,bloque3,sortstats_mlp,"[0, 1, 2]",both,5.0,0.01,1024.0,42,0.800675,0.854745,0.800895,7.28,29.0,59.0,7889.0
adult,bloque3,sortstats_mlp,"[0, 1, 2]",both,1.0,0.001,1024.0,42,0.798591,0.844303,0.818363,13.43,79.0,109.0,7889.0
adult,bloque2,sortstats_mlp,"[0, 1, 2]",stats_only,5.0,0.001,1024.0,52,0.792761,0.834783,0.823978,0.44,33.0,63.0,4145.0
santander,bloque3,sortstats_mlp,"[0, 1, 2]",both,5.0,0.001,1024.0,62,0.721389,0.8813,0.763215,115.05,21.0,51.0,14481.0
adult,bloque3,sortstats_mlp,"[0, 1, 2]",both,5.0,0.01,1024.0,52,0.792208,0.834476,0.823043,6.56,23.0,53.0,7889.0
miniboone,bloque1,sortstats_mlp,[2],both,5.0,0.001,1024.0,52,0.913278,0.928574,0.92174,4.34,81.0,111.0,2577.0
miniboone,bloque1,random_forest,N/A,N/A,,,,52,0.9203761695789037,0.9361088686426018,0.9177453444202953,0.2586,,,
miniboone,bloque1,xgboost,N/A,N/A,,,,52,0.9344683326621295,0.9468342751701072,0.936520743399395,0.0306,,,
diabetes,bloque2,sortstats_mlp,[0],stats_only,5.0,0.001,2048.0,62,0.753805,0.754155,0.754158,0.74,59.0,89.0,1617.0
adult,bloque1,sortstats_mlp,[2],both,5.0,0.001,1024.0,52,0.769007,0.802846,0.828488,1.08,41.0,71.0,4081.0
adult,bloque1,random_forest,N/A,N/A,,,,52,0.7932221179293966,0.8575084450813799,0.7783806917568059,0.0166,,,
adult,bloque1,xgboost,N/A,N/A,,,,52,0.8189477491389114,0.8754222540689938,0.8023211895604374,0.0087,,,
adult,bloque3,sortstats_mlp,"[0, 1, 2]",both,3.0,0.001,1024.0,62,0.787682,0.833862,0.811207,6.18,20.0,50.0,7889.0
electricity,bloque2,sortstats_mlp,[0],stats_only,5.0,0.001,1024.0,62,0.791521,0.799846,0.787624,0.94,138.0,168.0,1201.0
electricity,bloque1,sortstats_mlp,[],both,5.0,0.001,1024.0,52,0.78219,0.792232,0.777535,0.6,73.0,103.0,1073.0
electricity,bloque1,random_forest,N/A,N/A,,,,52,0.9014951599336085,0.9042259737393799,0.8995780452995219,0.0142,,,
electricity,bloque1,xgboost,N/A,N/A,,,,52,0.9019008715300738,0.9043363124793115,0.9010703970435514,0.0054,,,
forest_cover_small,bloque1,sortstats_mlp,[0],both,5.0,0.001,512.0,42,0.774785,0.779762,0.779762,1.69,140.0,170.0,4455.0
forest_cover_small,bloque1,random_forest,N/A,N/A,,,,42,0.8558249660080095,0.8581349206349206,0.8581349206349207,0.0071,,,
forest_cover_small,bloque1,xgboost,N/A,N/A,,,,42,0.84517862473325,0.8478835978835979,0.8478835978835979,0.0292,,,
adult,bloque3,sortstats_mlp,"[0, 1, 2]",both,5.0,0.001,256.0,42,0.797606,0.848091,0.807075,10.93,39.0,69.0,7889.0
california,bloque2,sortstats_mlp,[1],sort_only,5.0,0.001,512.0,52,0.873543,0.873547,0.873549,1.41,68.0,98.0,1585.0
electricity,bloque1,sortstats_mlp,"[0, 1]",both,5.0,0.001,1024.0,52,0.777833,0.780316,0.782167,1.26,30.0,60.0,2033.0
electricity,bloque1,random_forest,N/A,N/A,,,,52,0.9014951599336085,0.9042259737393799,0.8995780452995219,0.0142,,,
electricity,bloque1,xgboost,N/A,N/A,,,,52,0.9019008715300738,0.9043363124793115,0.9010703970435514,0.0054,,,
electricity,bloque1,sortstats_mlp,[1],both,5.0,0.001,1024.0,62,0.777128,0.787267,0.772675,1.81,66.0,96.0,1649.0
electricity,bloque1,random_forest,N/A,N/A,,,,62,0.9056321317891352,0.9080878296369855,0.9043302244644527,0.014,,,
electricity,bloque1,xgboost,N/A,N/A,,,,62,0.9045045140308654,0.9067637647578065,0.9041333870192931,0.0049,,,
santander,bloque3,sortstats_mlp,"[0, 1, 2]",both,5.0,0.001,512.0,52,0.720002,0.8809,0.761114,91.84,8.0,38.0,14481.0
california,bloque2,sortstats_mlp,[1],sort_only,5.0,0.001,512.0,42,0.861623,0.861676,0.861667,0.84,27.0,57.0,1585.0
california,bloque1,sortstats_mlp,"[0, 1, 2]",both,5.0,0.001,512.0,52,0.854514,0.85562,0.855663,2.3,62.0,92.0,2193.0
california,bloque1,random_forest,N/A,N/A,,,,52,0.8948544684878921,0.8948643410852714,0.8948692458736249,0.0086,,,
california,bloque1,xgboost,N/A,N/A,,,,52,0.9074549621614312,0.9074612403100775,0.9074654438457359,0.0039,,,
forest_cover_small,bloque1,sortstats_mlp,"[0, 1, 2]",both,5.0,0.001,512.0,62,0.689107,0.686177,0.686177,1.89,60.0,90.0,5191.0
forest_cover_small,bloque1,random_forest,N/A,N/A,,,,62,0.8702365288481946,0.8720238095238095,0.8720238095238095,0.0075,,,
forest_cover_small,bloque1,xgboost,N/A,N/A,,,,62,0.8678880247026627,0.8700396825396826,0.8700396825396826,0.0289,,,
adult,bloque2,sortstats_mlp,"[0, 1, 2]",stats_only,5.0,0.001,1024.0,42,0.761979,0.794861,0.825438,0.43,34.0,64.0,4145.0
santander,bloque3,sortstats_mlp,"[0, 1, 2]",both,20.0,0.001,2048.0,42,0.731445,0.8931,0.755522,90.89,10.0,40.0,14481.0
forest_cover_small,bloque1,sortstats_mlp,[1],both,5.0,0.001,512.0,42,0.696135,0.705357,0.705357,0.75,41.0,71.0,3175.0
forest_cover_small,bloque1,random_forest,N/A,N/A,,,,42,0.8558249660080095,0.8581349206349206,0.8581349206349207,0.0071,,,
forest_cover_small,bloque1,xgboost,N/A,N/A,,,,42,0.84517862473325,0.8478835978835979,0.8478835978835979,0.0292,,,
electricity,bloque1,sortstats_mlp,"[1, 2]",both,5.0,0.001,1024.0,52,0.772781,0.783626,0.768149,2.37,57.0,87.0,1809.0
electricity,bloque1,random_forest,N/A,N/A,,,,52,0.9014951599336085,0.9042259737393799,0.8995780452995219,0.0142,,,
electricity,bloque1,xgboost,N/A,N/A,,,,52,0.9019008715300738,0.9043363124793115,0.9010703970435514,0.0054,,,
miniboone,bloque1,sortstats_mlp,[1],both,5.0,0.001,1024.0,42,0.916181,0.931573,0.920817,4.88,66.0,96.0,2993.0
miniboone,bloque1,random_forest,N/A,N/A,,,,42,0.9234255651753991,0.9384538499980779,0.9214639152768311,0.2606,,,
miniboone,bloque1,xgboost,N/A,N/A,,,,42,0.9319023040200662,0.9449121593049629,0.9326783482876528,0.0304,,,
santander,bloque1,sortstats_mlp,[0],both,5.0,0.001,2048.0,52,0.674286,0.81705,0.796662,76.75,4.0,34.0,13745.0
santander,bloque1,random_forest,N/A,N/A,,,,52,0.473545669913135,0.8995,0.5,1.9676,,,
santander,bloque1,xgboost,N/A,N/A,,,,52,0.6521652350275637,0.91635,0.6084682203214058,0.1304,,,
electricity,bloque2,sortstats_mlp,[0],stats_only,5.0,0.001,1024.0,52,0.791291,0.799625,0.787399,0.85,125.0,155.0,1201.0
adult,bloque3,sortstats_mlp,"[0, 1, 2]",both,3.0,0.001,1024.0,42,0.769183,0.803869,0.826376,12.36,70.0,100.0,7889.0
santander,bloque1,sortstats_mlp,"[0, 1]",both,5.0,0.001,2048.0,42,0.717091,0.876875,0.764401,94.08,11.0,41.0,14321.0
santander,bloque1,random_forest,N/A,N/A,,,,42,0.473545669913135,0.8995,0.5,1.9603,,,
santander,bloque1,xgboost,N/A,N/A,,,,42,0.6506191765264725,0.9161,0.6073349207271038,0.1264,,,
miniboone,bloque1,sortstats_mlp,"[0, 1, 2]",both,5.0,0.001,1024.0,42,0.910217,0.926383,0.916667,12.68,79.0,109.0,4881.0
miniboone,bloque1,random_forest,N/A,N/A,,,,42,0.9234255651753991,0.9384538499980779,0.9214639152768311,0.2606,,,
miniboone,bloque1,xgboost,N/A,N/A,,,,42,0.9319023040200662,0.9449121593049629,0.9326783482876528,0.0304,,,
california,bloque1,sortstats_mlp,[1],both,5.0,0.001,512.0,52,0.861721,0.861919,0.8619,0.75,21.0,51.0,1649.0
california,bloque1,random_forest,N/A,N/A,,,,52,0.8948544684878921,0.8948643410852714,0.8948692458736249,0.0086,,,
california,bloque1,xgboost,N/A,N/A,,,,52,0.9074549621614312,0.9074612403100775,0.9074654438457359,0.0039,,,
santander,bloque1,sortstats_mlp,[2],both,5.0,0.001,2048.0,42,0.696552,0.859825,0.757022,3.01,38.0,68.0,7377.0
santander,bloque1,random_forest,N/A,N/A,,,,42,0.473545669913135,0.8995,0.5,2.2633,,,
santander,bloque1,xgboost,N/A,N/A,,,,42,0.6506191765264725,0.9161,0.6073349207271038,0.155,,,
diabetes,bloque2,sortstats_mlp,[0],sort_only,5.0,0.001,2048.0,52,0.755659,0.756277,0.756273,1.8,74.0,104.0,2161.0
santander,bloque3,sortstats_mlp,"[0, 1, 2]",both,5.0,0.0001,2048.0,42,0.720361,0.877375,0.770645,234.07,72.0,102.0,14481.0
diabetes,bloque1,sortstats_mlp,"[0, 1, 2]",both,5.0,0.001,2048.0,52,0.747974,0.749346,0.749341,1.26,9.0,39.0,3025.0
diabetes,bloque1,random_forest,N/A,N/A,,,,52,0.7380901345631299,0.7385953744960747,0.738592271813322,0.0161,,,
diabetes,bloque1,xgboost,N/A,N/A,,,,52,0.7499101531111878,0.750406676568357,0.7504035289247253,0.0057,,,
diabetes,bloque1,sortstats_mlp,"[0, 1, 2]",both,5.0,0.001,2048.0,62,0.75157,0.752316,0.75232,1.51,15.0,45.0,3025.0
diabetes,bloque1,random_forest,N/A,N/A,,,,62,0.7386195155621011,0.738949006294646,0.7389515211044577,0.0162,,,
diabetes,bloque1,xgboost,N/A,N/A,,,,62,0.7521170769278986,0.752528467359785,0.7525313524016548,0.0064,,,
electricity,bloque1,sortstats_mlp,[2],both,5.0,0.001,1024.0,62,0.779176,0.788922,0.774863,0.76,26.0,56.0,1233.0
electricity,bloque1,random_forest,N/A,N/A,,,,62,0.9056321317891352,0.9080878296369855,0.9043302244644527,0.014,,,
electricity,bloque1,xgboost,N/A,N/A,,,,62,0.9045045140308654,0.9067637647578065,0.9041333870192931,0.0049,,,
santander,bloque1,sortstats_mlp,"[0, 1, 2]",both,5.0,0.001,2048.0,62,0.719883,0.88375,0.75397,106.59,16.0,46.0,14481.0
santander,bloque1,random_forest,N/A,N/A,,,,62,0.473545669913135,0.8995,0.5,1.9556,,,
santander,bloque1,xgboost,N/A,N/A,,,,62,0.663470336610557,0.918175,0.6168849333101032,0.1282,,,
santander,bloque3,sortstats_mlp,"[0, 1, 2]",both,5.0,0.0001,2048.0,62,0.654497,0.791725,0.796947,290.38,94.0,124.0,14481.0
miniboone,bloque1,sortstats_mlp,"[0, 1]",both,5.0,0.001,1024.0,62,0.906623,0.923,0.915485,11.1,85.0,115.0,4721.0
miniboone,bloque1,random_forest,N/A,N/A,,,,62,0.9235147403627129,0.9385307346326837,0.921517354062702,0.2564,,,
miniboone,bloque1,xgboost,N/A,N/A,,,,62,0.9357792096741937,0.9479106600545881,0.9377283977368308,0.0286,,,
miniboone,bloque1,sortstats_mlp,[2],both,5.0,0.001,1024.0,62,0.913703,0.929689,0.917461,3.98,70.0,100.0,2577.0
miniboone,bloque1,random_forest,N/A,N/A,,,,62,0.9235147403627129,0.9385307346326837,0.921517354062702,0.2564,,,
miniboone,bloque1,xgboost,N/A,N/A,,,,62,0.9357792096741937,0.9479106600545881,0.9377283977368308,0.0286,,,
santander,bloque1,sortstats_mlp,"[0, 1, 2]",both,5.0,0.001,2048.0,52,0.725948,0.88875,0.754761,95.35,11.0,41.0,14481.0
santander,bloque1,random_forest,N/A,N/A,,,,52,0.473545669913135,0.8995,0.5,1.9676,,,
santander,bloque1,xgboost,N/A,N/A,,,,52,0.6521652350275637,0.91635,0.6084682203214058,0.1304,,,
miniboone,bloque1,sortstats_mlp,[2],both,5.0,0.001,1024.0,42,0.903813,0.920194,0.915331,3.22,49.0,79.0,2577.0
miniboone,bloque1,random_forest,N/A,N/A,,,,42,0.9234255651753991,0.9384538499980779,0.9214639152768311,0.2606,,,
miniboone,bloque1,xgboost,N/A,N/A,,,,42,0.9319023040200662,0.9449121593049629,0.9326783482876528,0.0304,,,
forest_cover_small,bloque1,sortstats_mlp,[1],both,5.0,0.001,512.0,62,0.723467,0.720899,0.720899,0.65,35.0,65.0,3175.0
forest_cover_small,bloque1,random_forest,N/A,N/A,,,,62,0.8702365288481946,0.8720238095238095,0.8720238095238095,0.0075,,,
forest_cover_small,bloque1,xgboost,N/A,N/A,,,,62,0.8678880247026627,0.8700396825396826,0.8700396825396826,0.0289,,,
electricity,bloque1,sortstats_mlp,[0],both,5.0,0.001,1024.0,42,0.793465,0.801721,0.789527,0.57,39.0,69.0,1457.0
electricity,bloque1,random_forest,N/A,N/A,,,,42,0.907946812372887,0.910404943175549,0.9063777076360968,0.0143,,,
electricity,bloque1,xgboost,N/A,N/A,,,,42,0.9017436639398309,0.9040052962595168,0.901634274033603,0.0057,,,
santander,bloque1,sortstats_mlp,"[1, 2]",both,5.0,0.001,2048.0,62,0.710316,0.8835,0.734828,2.77,6.0,36.0,7953.0
santander,bloque1,random_forest,N/A,N/A,,,,62,0.473545669913135,0.8995,0.5,2.264,,,
santander,bloque1,xgboost,N/A,N/A,,,,62,0.663470336610557,0.918175,0.6168849333101032,0.1552,,,
electricity,bloque1,sortstats_mlp,"[1, 2]",both,5.0,0.001,1024.0,62,0.776179,0.789584,0.770193,1.34,20.0,50.0,1809.0
electricity,bloque1,random_forest,N/A,N/A,,,,62,0.9056321317891352,0.9080878296369855,0.9043302244644527,0.014,,,
electricity,bloque1,xgboost,N/A,N/A,,,,62,0.9045045140308654,0.9067637647578065,0.9041333870192931,0.0049,,,
miniboone,bloque1,sortstats_mlp,[],both,5.0,0.001,1024.0,52,0.917747,0.932611,0.923961,2.24,106.0,136.0,2417.0
miniboone,bloque1,random_forest,N/A,N/A,,,,52,0.9203761695789037,0.9361088686426018,0.9177453444202953,0.2586,,,
miniboone,bloque1,xgboost,N/A,N/A,,,,52,0.9344683326621295,0.9468342751701072,0.936520743399395,0.0306,,,
miniboone,bloque1,sortstats_mlp,[1],both,5.0,0.001,1024.0,62,0.91707,0.93188,0.924414,6.6,101.0,131.0,2993.0
miniboone,bloque1,random_forest,N/A,N/A,,,,62,0.9235147403627129,0.9385307346326837,0.921517354062702,0.2564,,,
miniboone,bloque1,xgboost,N/A,N/A,,,,62,0.9357792096741937,0.9479106600545881,0.9377283977368308,0.0286,,,
california,bloque2,sortstats_mlp,[1],stats_only,5.0,0.001,512.0,42,0.86477,0.864826,0.864836,0.33,58.0,88.0,1137.0
diabetes,bloque1,sortstats_mlp,[0],both,5.0,0.001,2048.0,52,0.752176,0.752741,0.752737,1.43,53.0,83.0,2289.0
diabetes,bloque1,random_forest,N/A,N/A,,,,52,0.7380901345631299,0.7385953744960747,0.738592271813322,0.0161,,,
diabetes,bloque1,xgboost,N/A,N/A,,,,52,0.7499101531111878,0.750406676568357,0.7504035289247253,0.0057,,,
diabetes,bloque1,sortstats_mlp,[2],both,5.0,0.001,2048.0,62,0.753123,0.753519,0.753521,0.84,27.0,57.0,1649.0
diabetes,bloque1,random_forest,N/A,N/A,,,,62,0.7386195155621011,0.738949006294646,0.7389515211044577,0.0162,,,
diabetes,bloque1,xgboost,N/A,N/A,,,,62,0.7521170769278986,0.752528467359785,0.7525313524016548,0.0064,,,
forest_cover_small,bloque1,sortstats_mlp,"[0, 1]",both,5.0,0.001,512.0,62,0.737494,0.734127,0.734127,1.24,46.0,76.0,5031.0
forest_cover_small,bloque1,random_forest,N/A,N/A,,,,62,0.8702365288481946,0.8720238095238095,0.8720238095238095,0.0075,,,
forest_cover_small,bloque1,xgboost,N/A,N/A,,,,62,0.8678880247026627,0.8700396825396826,0.8700396825396826,0.0289,,,
california,bloque1,sortstats_mlp,"[1, 2]",both,5.0,0.001,512.0,52,0.861541,0.861676,0.861661,1.41,32.0,62.0,1809.0
california,bloque1,random_forest,N/A,N/A,,,,52,0.8948544684878921,0.8948643410852714,0.8948692458736249,0.0086,,,
california,bloque1,xgboost,N/A,N/A,,,,52,0.9074549621614312,0.9074612403100775,0.9074654438457359,0.0039,,,
forest_cover_small,bloque1,sortstats_mlp,"[1, 2]",both,5.0,0.001,512.0,62,0.728048,0.731151,0.731151,1.25,46.0,76.0,3335.0
forest_cover_small,bloque1,random_forest,N/A,N/A,,,,62,0.8702365288481946,0.8720238095238095,0.8720238095238095,0.0075,,,
forest_cover_small,bloque1,xgboost,N/A,N/A,,,,62,0.8678880247026627,0.8700396825396826,0.8700396825396826,0.0289,,,
santander,bloque3,sortstats_mlp,"[0, 1, 2]",both,1.0,0.001,2048.0,62,0.701391,0.8624,0.762431,172.19,46.0,76.0,14481.0
california,bloque1,sortstats_mlp,[1],both,5.0,0.001,512.0,62,0.86335,0.863372,0.863378,0.84,26.0,56.0,1649.0
california,bloque1,random_forest,N/A,N/A,,,,62,0.907943986112725,0.9079457364341085,0.9079480621911014,0.0088,,,
california,bloque1,xgboost,N/A,N/A,,,,62,0.9166666666666666,0.9166666666666666,0.9166668818418369,0.0038,,,
forest_cover_small,bloque1,sortstats_mlp,[2],both,5.0,0.001,512.0,52,0.721994,0.720238,0.720238,0.9,84.0,114.0,2759.0
forest_cover_small,bloque1,random_forest,N/A,N/A,,,,52,0.8519052568895509,0.8541666666666666,0.8541666666666667,0.0075,,,
forest_cover_small,bloque1,xgboost,N/A,N/A,,,,52,0.854323443512104,0.8564814814814815,0.8564814814814815,0.029,,,
adult,bloque3,sortstats_mlp,"[0, 1, 2]",both,10.0,0.001,1024.0,62,0.79308,0.848091,0.795495,11.78,66.0,96.0,7889.0
santander,bloque1,sortstats_mlp,[0],both,5.0,0.001,2048.0,62,0.683493,0.828375,0.795886,81.99,6.0,36.0,13745.0
santander,bloque1,random_forest,N/A,N/A,,,,62,0.473545669913135,0.8995,0.5,1.9556,,,
santander,bloque1,xgboost,N/A,N/A,,,,62,0.663470336610557,0.918175,0.6168849333101032,0.1282,,,
adult,bloque3,sortstats_mlp,"[0, 1, 2]",both,1.0,0.001,1024.0,62,0.764714,0.798649,0.82485,5.81,17.0,47.0,7889.0
adult,bloque2,sortstats_mlp,"[0, 1, 2]",sort_only,5.0,0.001,1024.0,62,0.782445,0.822295,0.822804,10.45,55.0,85.0,7665.0
miniboone,bloque2,sortstats_mlp,[0],sort_only,5.0,0.001,1024.0,42,0.914976,0.929651,0.925538,8.9,84.0,114.0,4017.0
miniboone,bloque1,sortstats_mlp,[],both,5.0,0.001,1024.0,42,0.914681,0.930227,0.920049,1.98,92.0,122.0,2417.0
miniboone,bloque1,random_forest,N/A,N/A,,,,42,0.9234255651753991,0.9384538499980779,0.9214639152768311,0.2606,,,
miniboone,bloque1,xgboost,N/A,N/A,,,,42,0.9319023040200662,0.9449121593049629,0.9326783482876528,0.0304,,,
miniboone,bloque1,sortstats_mlp,"[0, 1, 2]",both,5.0,0.001,1024.0,62,0.906171,0.924576,0.904341,14.46,98.0,128.0,4881.0
miniboone,bloque1,random_forest,N/A,N/A,,,,62,0.9235147403627129,0.9385307346326837,0.921517354062702,0.2564,,,
miniboone,bloque1,xgboost,N/A,N/A,,,,62,0.9357792096741937,0.9479106600545881,0.9377283977368308,0.0286,,,
electricity,bloque1,sortstats_mlp,[2],both,5.0,0.001,1024.0,42,0.780805,0.788922,0.777588,1.57,86.0,116.0,1233.0
electricity,bloque1,random_forest,N/A,N/A,,,,42,0.907946812372887,0.910404943175549,0.9063777076360968,0.0143,,,
electricity,bloque1,xgboost,N/A,N/A,,,,42,0.9017436639398309,0.9040052962595168,0.901634274033603,0.0057,,,
miniboone,bloque1,sortstats_mlp,"[1, 2]",both,5.0,0.001,1024.0,52,0.915603,0.931534,0.917532,6.82,64.0,94.0,3153.0
miniboone,bloque1,random_forest,N/A,N/A,,,,52,0.9203761695789037,0.9361088686426018,0.9177453444202953,0.2586,,,
miniboone,bloque1,xgboost,N/A,N/A,,,,52,0.9344683326621295,0.9468342751701072,0.936520743399395,0.0306,,,
miniboone,bloque1,sortstats_mlp,[0],both,5.0,0.001,1024.0,42,0.917797,0.932111,0.927582,9.98,99.0,129.0,4145.0
miniboone,bloque1,random_forest,N/A,N/A,,,,42,0.9234255651753991,0.9384538499980779,0.9214639152768311,0.2606,,,
miniboone,bloque1,xgboost,N/A,N/A,,,,42,0.9319023040200662,0.9449121593049629,0.9326783482876528,0.0304,,,
diabetes,bloque1,sortstats_mlp,"[0, 1, 2]",both,5.0,0.001,2048.0,42,0.750735,0.751255,0.751259,1.32,10.0,40.0,3025.0
diabetes,bloque1,random_forest,N/A,N/A,,,,42,0.735704006307031,0.7360492255463611,0.7360517853616293,0.0163,,,
diabetes,bloque1,xgboost,N/A,N/A,,,,42,0.7516109624977936,0.7521041092014994,0.7521072643610177,0.0057,,,
electricity,bloque1,sortstats_mlp,"[0, 1]",both,5.0,0.001,1024.0,62,0.793611,0.799625,0.791895,1.42,39.0,69.0,2033.0
electricity,bloque1,random_forest,N/A,N/A,,,,62,0.9056321317891352,0.9080878296369855,0.9043302244644527,0.014,,,
electricity,bloque1,xgboost,N/A,N/A,,,,62,0.9045045140308654,0.9067637647578065,0.9041333870192931,0.0049,,,
adult,bloque3,sortstats_mlp,"[0, 1, 2]",both,10.0,0.001,1024.0,42,0.800476,0.856792,0.796231,7.01,27.0,57.0,7889.0
adult,bloque3,sortstats_mlp,"[0, 1, 2]",both,5.0,0.001,512.0,42,0.789546,0.832531,0.819712,14.1,75.0,105.0,7889.0
diabetes,bloque1,sortstats_mlp,"[0, 1]",both,5.0,0.001,2048.0,62,0.750567,0.750831,0.750833,1.24,15.0,45.0,2865.0
diabetes,bloque1,random_forest,N/A,N/A,,,,62,0.7386195155621011,0.738949006294646,0.7389515211044577,0.0162,,,
diabetes,bloque1,xgboost,N/A,N/A,,,,62,0.7521170769278986,0.752528467359785,0.7525313524016548,0.0064,,,
adult,bloque3,sortstats_mlp,"[0, 1, 2]",both,1.0,0.001,1024.0,52,0.794074,0.835602,0.825982,6.66,24.0,54.0,7889.0
electricity,bloque1,sortstats_mlp,[1],both,5.0,0.001,1024.0,42,0.786282,0.790136,0.787805,1.06,29.0,59.0,1649.0
electricity,bloque1,random_forest,N/A,N/A,,,,42,0.907946812372887,0.910404943175549,0.9063777076360968,0.0143,,,
electricity,bloque1,xgboost,N/A,N/A,,,,42,0.9017436639398309,0.9040052962595168,0.901634274033603,0.0057,,,
santander,bloque1,sortstats_mlp,"[1, 2]",both,5.0,0.001,2048.0,52,0.702019,0.873375,0.739696,7.41,82.0,100.0,7953.0
santander,bloque1,random_forest,N/A,N/A,,,,52,0.473545669913135,0.8995,0.5,1.9559,,,
santander,bloque1,xgboost,N/A,N/A,,,,52,0.663470336610557,0.918175,0.6168849333101032,0.1332,,,
adult,bloque1,sortstats_mlp,[0],both,5.0,0.001,1024.0,42,0.777265,0.81646,0.820874,4.23,8.0,38.0,7153.0
adult,bloque1,random_forest,N/A,N/A,,,,42,0.792078929256685,0.8567918927218753,0.7771768303752378,0.018,,,
adult,bloque1,xgboost,N/A,N/A,,,,42,0.8183239406717029,0.8760364418057119,0.7995003130597909,0.0075,,,
santander,bloque3,sortstats_mlp,"[0, 1, 2]",both,20.0,0.001,2048.0,52,0.722331,0.884225,0.758101,96.69,11.0,41.0,14481.0
diabetes,bloque1,sortstats_mlp,[0],both,5.0,0.001,2048.0,42,0.751853,0.752175,0.752177,1.62,64.0,94.0,2289.0
diabetes,bloque1,random_forest,N/A,N/A,,,,42,0.735704006307031,0.7360492255463611,0.7360517853616293,0.0163,,,
diabetes,bloque1,xgboost,N/A,N/A,,,,42,0.7516109624977936,0.7521041092014994,0.7521072643610177,0.0057,,,
california,bloque1,sortstats_mlp,[1],both,5.0,0.001,512.0,42,0.865301,0.86531,0.865306,1.02,42.0,72.0,1649.0
california,bloque1,random_forest,N/A,N/A,,,,42,0.8936492000855176,0.8936531007751938,0.8936562447551052,0.0091,,,
california,bloque1,xgboost,N/A,N/A,,,,42,0.9120633290695102,0.9120639534883721,0.9120654586341383,0.0039,,,
diabetes,bloque1,sortstats_mlp,[1],both,5.0,0.001,2048.0,62,0.751965,0.753094,0.753099,1.1,26.0,56.0,2065.0
diabetes,bloque1,random_forest,N/A,N/A,,,,62,0.7386195155621011,0.738949006294646,0.7389515211044577,0.0162,,,
diabetes,bloque1,xgboost,N/A,N/A,,,,62,0.7521170769278986,0.752528467359785,0.7525313524016548,0.0064,,,
adult,bloque1,sortstats_mlp,"[0, 1]",both,5.0,0.001,1024.0,42,0.772695,0.810728,0.820478,5.61,17.0,47.0,7729.0
adult,bloque1,random_forest,N/A,N/A,,,,42,0.792078929256685,0.8567918927218753,0.7771768303752378,0.018,,,
adult,bloque1,xgboost,N/A,N/A,,,,42,0.8183239406717029,0.8760364418057119,0.7995003130597909,0.0075,,,
diabetes,bloque1,sortstats_mlp,[],both,5.0,0.001,2048.0,52,0.752005,0.752811,0.752807,0.59,43.0,73.0,1489.0
diabetes,bloque1,random_forest,N/A,N/A,,,,52,0.7380901345631299,0.7385953744960747,0.738592271813322,0.0161,,,
diabetes,bloque1,xgboost,N/A,N/A,,,,52,0.7499101531111878,0.750406676568357,0.7504035289247253,0.0057,,,
forest_cover_small,bloque1,sortstats_mlp,"[0, 1]",both,5.0,0.001,512.0,52,0.677833,0.677249,0.677249,1.29,50.0,80.0,5031.0
forest_cover_small,bloque1,random_forest,N/A,N/A,,,,52,0.8519052568895509,0.8541666666666666,0.8541666666666667,0.0075,,,
forest_cover_small,bloque1,xgboost,N/A,N/A,,,,52,0.854323443512104,0.8564814814814815,0.8564814814814815,0.029,,,
california,bloque1,sortstats_mlp,[],both,5.0,0.001,512.0,52,0.872319,0.872335,0.87233,0.2,33.0,63.0,1073.0
california,bloque1,random_forest,N/A,N/A,,,,52,0.8948544684878921,0.8948643410852714,0.8948692458736249,0.0086,,,
california,bloque1,xgboost,N/A,N/A,,,,52,0.9074549621614312,0.9074612403100775,0.9074654438457359,0.0039,,,
california,bloque1,sortstats_mlp,"[1, 2]",both,5.0,0.001,512.0,42,0.864341,0.864341,0.86434,2.06,63.0,93.0,1809.0
california,bloque1,random_forest,N/A,N/A,,,,42,0.8936492000855176,0.8936531007751938,0.8936562447551052,0.0091,,,
california,bloque1,xgboost,N/A,N/A,,,,42,0.9120633290695102,0.9120639534883721,0.9120654586341383,0.0039,,,
adult,bloque3,sortstats_mlp,"[0, 1, 2]",both,20.0,0.001,1024.0,52,0.799508,0.852493,0.802639,5.4,14.0,44.0,7889.0
adult,bloque1,sortstats_mlp,"[0, 1, 2]",both,5.0,0.001,1024.0,42,0.799987,0.848296,0.813072,7.25,30.0,60.0,7889.0
adult,bloque1,random_forest,N/A,N/A,,,,42,0.792078929256685,0.8567918927218753,0.7771768303752378,0.018,,,
adult,bloque1,xgboost,N/A,N/A,,,,42,0.8183239406717029,0.8760364418057119,0.7995003130597909,0.0075,,,
forest_cover_small,bloque1,sortstats_mlp,[],both,5.0,0.001,512.0,62,0.783035,0.78869,0.78869,0.34,119.0,149.0,2599.0
forest_cover_small,bloque1,random_forest,N/A,N/A,,,,62,0.8702365288481946,0.8720238095238095,0.8720238095238095,0.0075,,,
forest_cover_small,bloque1,xgboost,N/A,N/A,,,,62,0.8678880247026627,0.8700396825396826,0.8700396825396826,0.0289,,,
california,bloque1,sortstats_mlp,[2],both,5.0,0.001,512.0,62,0.850973,0.851017,0.851009,0.72,36.0,66.0,1233.0
california,bloque1,random_forest,N/A,N/A,,,,62,0.907943986112725,0.9079457364341085,0.9079480621911014,0.0088,,,
california,bloque1,xgboost,N/A,N/A,,,,62,0.9166666666666666,0.9166666666666666,0.9166668818418369,0.0038,,,
adult,bloque2,sortstats_mlp,"[0, 1, 2]",sort_only,5.0,0.001,1024.0,52,0.797127,0.846453,0.809369,6.63,24.0,54.0,7665.0
diabetes,bloque1,sortstats_mlp,"[1, 2]",both,5.0,0.001,2048.0,42,0.749908,0.751114,0.751119,1.77,39.0,69.0,2225.0
diabetes,bloque1,random_forest,N/A,N/A,,,,42,0.735704006307031,0.7360492255463611,0.7360517853616293,0.0163,,,
diabetes,bloque1,xgboost,N/A,N/A,,,,42,0.7516109624977936,0.7521041092014994,0.7521072643610177,0.0057,,,
adult,bloque3,sortstats_mlp,"[0, 1, 2]",both,20.0,0.001,1024.0,62,0.772806,0.80909,0.824971,5.87,18.0,48.0,7889.0
california,bloque1,sortstats_mlp,"[0, 1]",both,5.0,0.001,512.0,62,0.866762,0.866764,0.866762,2.19,97.0,127.0,2033.0
california,bloque1,random_forest,N/A,N/A,,,,62,0.907943986112725,0.9079457364341085,0.9079480621911014,0.0088,,,
california,bloque1,xgboost,N/A,N/A,,,,62,0.9166666666666666,0.9166666666666666,0.9166668818418369,0.0038,,,
forest_cover_small,bloque1,sortstats_mlp,[],both,5.0,0.001,512.0,42,0.774888,0.778108,0.778108,0.42,159.0,189.0,2599.0
forest_cover_small,bloque1,random_forest,N/A,N/A,,,,42,0.8558249660080095,0.8581349206349206,0.8581349206349207,0.0071,,,
forest_cover_small,bloque1,xgboost,N/A,N/A,,,,42,0.84517862473325,0.8478835978835979,0.8478835978835979,0.0292,,,
diabetes,bloque1,sortstats_mlp,"[0, 1]",both,5.0,0.001,2048.0,42,0.748853,0.749982,0.749987,1.83,36.0,66.0,2865.0
diabetes,bloque1,random_forest,N/A,N/A,,,,42,0.735704006307031,0.7360492255463611,0.7360517853616293,0.0163,,,
diabetes,bloque1,xgboost,N/A,N/A,,,,42,0.7516109624977936,0.7521041092014994,0.7521072643610177,0.0057,,,
adult,bloque3,sortstats_mlp,"[0, 1, 2]",both,5.0,0.01,1024.0,62,0.788307,0.836933,0.80619,6.86,26.0,56.0,7889.0
adult,bloque3,sortstats_mlp,"[0, 1, 2]",both,5.0,0.0001,1024.0,42,0.769082,0.805302,0.822335,20.08,133.0,163.0,7889.0
adult,bloque1,sortstats_mlp,"[1, 2]",both,5.0,0.001,1024.0,52,0.792738,0.835091,0.823153,1.29,16.0,46.0,4657.0
adult,bloque1,random_forest,N/A,N/A,,,,52,0.7932221179293966,0.8575084450813799,0.7783806917568059,0.0166,,,
adult,bloque1,xgboost,N/A,N/A,,,,52,0.8189477491389114,0.8754222540689938,0.8023211895604374,0.0087,,,
adult,bloque1,sortstats_mlp,[2],both,5.0,0.001,1024.0,62,0.784945,0.828335,0.815928,1.42,61.0,91.0,4081.0
adult,bloque1,random_forest,N/A,N/A,,,,62,0.7864268663327727,0.8518783908281298,0.773507400102615,0.0156,,,
adult,bloque1,xgboost,N/A,N/A,,,,62,0.8146535483874117,0.8726584092537619,0.7978661743356819,0.0089,,,
santander,bloque1,sortstats_mlp,[0],both,5.0,0.001,2048.0,42,0.6692,0.812675,0.792241,91.72,10.0,40.0,13745.0
santander,bloque1,random_forest,N/A,N/A,,,,42,0.473545669913135,0.8995,0.5,1.9603,,,
santander,bloque1,xgboost,N/A,N/A,,,,42,0.6506191765264725,0.9161,0.6073349207271038,0.1264,,,
adult,bloque2,sortstats_mlp,"[0, 1, 2]",sort_only,5.0,0.001,1024.0,42,0.784534,0.825468,0.821519,14.6,91.0,121.0,7665.0
forest_cover_small,bloque1,sortstats_mlp,[1],both,5.0,0.001,512.0,52,0.674788,0.685516,0.685516,0.55,23.0,53.0,3175.0
forest_cover_small,bloque1,random_forest,N/A,N/A,,,,52,0.8519052568895509,0.8541666666666666,0.8541666666666667,0.0075,,,
forest_cover_small,bloque1,xgboost,N/A,N/A,,,,52,0.854323443512104,0.8564814814814815,0.8564814814814815,0.029,,,
santander,bloque3,sortstats_mlp,"[0, 1, 2]",both,10.0,0.001,2048.0,52,0.727518,0.8916,0.751042,89.9,10.0,40.0,14481.0
adult,bloque1,sortstats_mlp,[],both,5.0,0.001,1024.0,62,0.773868,0.809909,0.826388,0.52,48.0,78.0,3921.0
adult,bloque1,random_forest,N/A,N/A,,,,62,0.7864268663327727,0.8518783908281298,0.773507400102615,0.0157,,,
adult,bloque1,xgboost,N/A,N/A,,,,62,0.8146535483874117,0.8726584092537619,0.7978661743356819,0.0072,,,
forest_cover_small,bloque1,sortstats_mlp,"[0, 1, 2]",both,5.0,0.001,512.0,52,0.679604,0.688823,0.688823,1.18,23.0,53.0,5191.0
forest_cover_small,bloque1,random_forest,N/A,N/A,,,,52,0.8519052568895509,0.8541666666666666,0.8541666666666667,0.0075,,,
forest_cover_small,bloque1,xgboost,N/A,N/A,,,,52,0.854323443512104,0.8564814814814815,0.8564814814814815,0.029,,,
electricity,bloque1,sortstats_mlp,"[1, 2]",both,5.0,0.001,1024.0,42,0.779701,0.790025,0.775004,1.52,27.0,57.0,1809.0
electricity,bloque1,random_forest,N/A,N/A,,,,42,0.907946812372887,0.910404943175549,0.9063777076360968,0.0143,,,
electricity,bloque1,xgboost,N/A,N/A,,,,42,0.9017436639398309,0.9040052962595168,0.901634274033603,0.0057,,,
forest_cover_small,bloque2,sortstats_mlp,[0],sort_only,5.0,0.001,512.0,42,0.777917,0.784722,0.784722,2.42,208.0,238.0,4327.0
santander,bloque1,sortstats_mlp,[1],both,5.0,0.001,2048.0,62,0.703518,0.882225,0.724287,2.24,8.0,38.0,7793.0
santander,bloque1,random_forest,N/A,N/A,,,,62,0.473545669913135,0.8995,0.5,2.264,,,
santander,bloque1,xgboost,N/A,N/A,,,,62,0.663470336610557,0.918175,0.6168849333101032,0.1552,,,
adult,bloque3,sortstats_mlp,"[0, 1, 2]",both,5.0,0.001,512.0,52,0.800018,0.852595,0.803733,6.07,15.0,45.0,7889.0
santander,bloque3,sortstats_mlp,"[0, 1, 2]",both,1.0,0.001,2048.0,42,0.700655,0.866075,0.752542,121.98,22.0,52.0,14481.0
diabetes,bloque2,sortstats_mlp,[0],stats_only,5.0,0.001,2048.0,42,0.751494,0.751963,0.751966,0.5,31.0,61.0,1617.0
adult,bloque1,sortstats_mlp,"[1, 2]",both,5.0,0.001,1024.0,62,0.79103,0.846453,0.793686,2.41,53.0,83.0,4657.0
adult,bloque1,random_forest,N/A,N/A,,,,62,0.7864268663327727,0.8518783908281298,0.773507400102615,0.0156,,,
adult,bloque1,xgboost,N/A,N/A,,,,62,0.8146535483874117,0.8726584092537619,0.7978661743356819,0.0089,,,
adult,bloque3,sortstats_mlp,"[0, 1, 2]",both,3.0,0.001,1024.0,52,0.783893,0.823421,0.82457,5.69,16.0,46.0,7889.0
santander,bloque3,sortstats_mlp,"[0, 1, 2]",both,10.0,0.001,2048.0,42,0.732431,0.90135,0.737017,91.09,9.0,39.0,14481.0
electricity,bloque1,sortstats_mlp,[0],both,5.0,0.001,1024.0,62,0.796497,0.803707,0.793364,0.83,68.0,98.0,1457.0
electricity,bloque1,random_forest,N/A,N/A,,,,62,0.9056321317891352,0.9080878296369855,0.9043302244644527,0.014,,,
electricity,bloque1,xgboost,N/A,N/A,,,,62,0.9045045140308654,0.9067637647578065,0.9041333870192931,0.0049,,,
adult,bloque1,sortstats_mlp,[],both,5.0,0.001,1024.0,52,0.773349,0.807247,0.831675,0.41,32.0,62.0,3921.0
adult,bloque1,random_forest,N/A,N/A,,,,52,0.7932221179293966,0.8575084450813799,0.7783806917568059,0.0166,,,
adult,bloque1,xgboost,N/A,N/A,,,,52,0.8189477491389114,0.8754222540689938,0.8023211895604374,0.0087,,,
